AA,F,L,I,M,V,S,P,T,A,Y,H,Q,N,K,D,E,G,R,W,C,STOP,,
F,0.111,0.111,0.074,0,0.056,0.037,0,0,0,0.111,0,0,0,0,0,0,0,0,0,0.111,0,,0.611
L,0.333,0.333,0.148,0.222,0.167,0.037,0.111,0,0,0,0.111,0.111,0,0,0,0,0,0.074,0.111,0,0.111,,1.869
I,0.111,0.074,0.222,0.333,0.083,0.037,0,0.083,0,0,0,0,0.111,0.056,0,0,0,0.019,0,0,0,,1.129
M,0,0.037,0.111,0,0.028,0,0,0.028,0,0,0,0,0,0.056,0,0,0,0.019,0,0,0,,0.279
V,0.111,0.111,0.111,0.111,0.333,0,0,0,0.111,0,0,0,0,0,0.111,0.111,0.111,0,0,0,0,,1.221
S,0.111,0.037,0.074,0,0,0.259,0.111,0.167,0.111,0.111,0,0,0.111,0,0,0,0.056,0.111,0.111,0.222,0.111,,1.703
P,0,0.074,0,0,0,0.074,0.333,0.111,0.111,0,0.111,0.111,0,0,0,0,0,0.074,0,0,0,,0.999
T,0,0,0.111,0.111,0,0.111,0.111,0.333,0.111,0,0,0,0.111,0.111,0,0,0,0.037,0,0,0,,1.147
A,0.111,0,0,0,0.111,0.074,0.111,0.111,0.333,0,0,0,0,0,0.111,0.111,0.111,0,0,0,0,,1.184
Y,0,0,0,0,0,0.037,0,0,0,0.111,0.111,0,0.111,0,0.111,0,0,0,0,0.111,0.148,,0.74
H,0,0.037,0,0,0,0,0.056,0,0,0.111,0.111,0.222,0.111,0,0.111,0,0,0.037,0,0,0,,0.796
Q,0,0.037,0,0,0,0,0.056,0,0,0,0.222,0.111,0,0.111,0,0.111,0,0.037,0,0,0.074,,0.759
N,0,0,0.074,0,0,0.037,0,0.056,0,0.111,0.111,0,0.111,0.222,0.111,0,0,0,0,0,0,,0.833
K,0,0,0.037,0.111,0,0,0,0.056,0,0,0,0.111,0.222,0.111,0,0.111,0,0.037,0,0,0.074,,0.87
D,0,0,0,0,0.056,0,0,0,0.056,0.111,0.111,0,0.111,0,0.111,0.222,0.056,0,0,0,0,,0.834
E,0,0,0,0,0.056,0,0,0,0.056,0,0,0.111,0,0.111,0.222,0.111,0.056,0,0,0,0.074,,0.797
G,0,0,0,0,0.111,0.037,0,0,0.111,0,0,0,0,0,0.111,0.111,0.333,0.111,0.111,0.111,0.037,,1.184
R,0,0.074,0.037,0.111,0,0.111,0.111,0.056,0,0,0.111,0.111,0,0.111,0,0,0.167,0.333,0.222,0.111,0.074,,1.74
W,0,0.019,0,0,0,0.019,0,0,0,0,0,0,0,0,0,0,0.028,0.037,0,0.111,0.074,,0.288
C,0.111,0,0,0,0,0.074,0,0,0,0.111,0,0,0,0,0,0,0.056,0.037,0.222,0.111,0.074,,0.796
STOP,0,0.056,0,0,0,0.056,0,0,0,0.222,0,0.111,0,0.111,0,0.111,0.028,0.037,0.222,0.111,0.148,,1.213
